rank,pseudo,points
1,scottsbury,1750
2,Cokeuhlikot,1738
3,Mentore36,1728
4,ralph_flo,1727
5,CVousLaServiette,1726
6,sappheiross_,1722
7,CharlemagneDuBled,1706
8,guigsdu17,1703
9,mdr_olfan79,1698
10,XavINSA_,1695
11,ElColchoneroFR,1692
12,th3_fr3nch_baguette,1689
13,Rhadamante,1681
14,chaxnard,1678
15,Ilowzzyy_,1676
16,skayyrr0x,1676
17,levraieinstein,1672
18,alex_11_19_96,1656
19,LewisPaulson,1655
20,floriandrux,1654
21,N_Selenian,1651
22,Akena_EFE,1650
23,lucamus34,1648
24,kingbourbondodo,1647
25,mikados83,1646
26,lucillep01,1643
27,ronalbert33,1642
28,Skioushi,1640
29,Herbiv,1639
30,pr0vencallegaull0is,1637
31,doopsy2,1634
32,Deelfe,1634
33,Enarkael,1633
34,erag0nyc,1633
35,willy_pagnol,1624
36,Ikioub,1624
37,mycanou,1621
38,PiR4nha,1618
39,g8velo,1615
40,Bouddhaly,1615
41,xelel06,1612
42,TahzioRadioFrance,1610
43,RED_JAZ,1609
44,Tapalchoix,1609
45,EmmyDeter,1607
46,Bobinours_,1606
47,biugn,1606
48,jbOtech,1603
49,Poy0o7,1602
50,GMachine_TV,1601
51,Lyannah_,1601
52,jlklingler,1598
53,demidieu12,1598
54,gaubian,1595
55,slippingsatu,1592
56,xanabud,1592
57,OutOfSight25,1590
58,mighty_lorenzo,1590
59,Oriharaaa_,1588
60,smfc95,1588
61,Razac76,1587
62,Aydrow_,1584
63,pindeslandes2,1584
64,Microwifix,1582
65,Exy29,1582
66,armosfr,1582
67,WarzazatXXL,1581
68,ari_billion2,1578
69,metafysike5,1578
70,magretmiel,1577
71,ju_mardy,1577
72,mousketons,1574
73,Rusfly,1572
74,la__golum,1571
75,CamyrtilleMC,1571
76,mpaolinocd,1571
77,eden91940,1571
78,akypiiik,1570
79,TrollsDesPlaines,1570
80,Hodolink,1569
81,ClemtiCP,1568
82,Pyjamartin,1567
83,livhervient,1566
84,fabode26,1566
85,ziquetjr,1565
86,eddydet,1565
87,DenisIP,1564
88,Bathemane,1558
89,malphas68,1558
90,leminimoys49,1558
91,Preponal,1557
92,Jibzzed,1554
93,Sebcube,1553
94,minicopolis,1551
95,flouflouf,1550
96,HashtagHilare,1548
97,lorenzoo0o0o,1547
98,totototomas123,1547
99,lukscape,1547
100,Elfander713,1544
101,BoisDeBuche,1543
102,gavheda,1543
103,TLecanu,1542
104,Bahkiir,1541
106,Maitre_JB,1537
107,leila110505,1535
108,mur_de_brik,1535
109,Warbird0783,1535
110,laupatos378,1534
111,gargazoth59,1534
112,timmy656565,1534
113,KorovievBC,1531
114,ninodechile,1531
115,Poiline,1530
116,Cthouloulou,1529
117,Sleepjin,1525
118,xpims,1520
119,grosbidoucorporation,1519
120,adamounaking,1518
121,grozny97447,1518
123,Kukoru,1518
124,July_7even,1516
125,LunTuuZ,1514
126,JankieChad,1512
127,emipictures,1510
128,chardonnere,1509
129,pluie14,1508
130,Barde_Choco,1508
131,marcdupont2,1506
132,Kaourentin_,1506
133,TamPoque,1504
134,RedySkull,1503
135,Guit0u_,1502
136,vikinggisors,1497
137,antoine_chemin,1495
138,monsieursaf,1494
139,cpegorier,1494
140,aclrie,1494
141,locoomotive,1493
142,JehanMenilpotene,1492
143,robin_des_boites_,1490
144,gtolibrius,1489
145,Azaeps,1489
146,raph1414,1489
147,Zelz14,1489
148,SkylagStream,1489
149,loupac_,1489
150,zipss_,1486
151,Zayro_twitch,1486
152,carminacarlotta,1486
153,xavxav19,1485
154,Panulphe,1484
155,ThemaskOo,1484
156,ChercheurdOr,1483
157,Durzoo,1483
158,boussaviola,1482
159,Miamuxx,1481
160,internova_,1481
161,senestia_19,1481
162,suplex63,1479
163,missbuterffly,1478
164,smokby24,1476
165,SabakuJulien,1476
166,N_zoh,1476
167,angel0w_flo,1476
168,nainbustibo,1475
169,Arkanisz,1475
170,eliaas755,1474
171,aikez7,1474
172,arthur_265,1473
173,TheGwakeuR,1472
174,belette__feroce,1472
175,fl8shblack,1472
176,arboxen,1472
177,oopsxful,1472
178,h_jeune_sinj,1469
179,tislem81,1469
180,IsJorTheReal,1468
181,errno_,1468
182,noxilby23,1468
183,ZebraneGrochien,1468
184,jojoko30,1467
185,welyns_,1465
186,B0udrick,1465
187,laurenceb14,1464
188,milrehe1,1464
189,bapt_1823,1462
190,tortueagileexotique2,1462
191,gauvain_adb,1461
192,Hvahel,1459
193,RxApi85,1459
194,EmilienRCSA,1459
195,chocoregliss,1457
196,val_cs224,1456
198,epinarinho,1456
199,jimmyceltics95,1456
200,Pano404,1455
201,SenriSama,1454
202,wazanimay_,1454
203,puunpuuun_,1453
204,TheLordAC,1453
205,balez88,1453
206,percvaldegalles,1453
207,giorgiomoritz,1452
208,alexis_180_05,1452
209,matt3xbot,1452
210,jeanpaultartre71,1451
211,lukeju26,1451
212,thewatibg21,1450
213,didiecg,1450
214,Axelfauteuil,1450
215,spoutiii,1448
216,Folaste,1448
217,bipraxk,1447
218,AliGerBrap,1447
219,raphloursquimangedestacos,1443
220,iamnotyourkind_1010,1442
221,pecoot,1442
222,nausicaavallee,1441
223,ImFormalYT,1440
224,Blind_LeeSin_,1438
225,panqyz,1437
226,tout_un_fromaj,1436
227,b_49,1436
228,pralun_,1436
229,simlucc,1435
230,ort2108,1434
231,wintersoldier_bas,1434
232,motel_86,1434
233,bloodbulets,1434
234,elsa_gllt,1434
235,luckylukeol,1433
236,windsorlockwood,1432
237,FredjaacK,1432
238,magnoliarain,1432
239,tinychinesegirl,1432
240,nitmar0,1430
241,toby_hornetsfr,1430
242,ClemBBBas,1429
243,maxime_lef,1429
244,torethiel,1428
245,Noahzis_,1428
246,fabuleuxfabulle,1426
247,kiiiiiwiiiiii1,1426
248,margocho,1425
249,Blinky44,1425
250,Superleupho,1425
251,qwavesan,1424
252,kecyftn,1424
253,prodigal59,1423
254,Theodiric3,1422
255,paul_f_t,1421
256,Shandy_Ruggles,1420
257,mjdavel,1419
258,marethii,1419
259,provencal_le_gaulois_kmlt,1417
260,Kalexoo_,1417
261,shazamgui,1417
262,RRRubiks,1416
263,MonsieurBiganon,1414
264,aymr_6,1414
265,La_Gej_,1414
266,Renflose,1414
267,DevilSoul_,1412
268,amosdq,1412
269,daitogalaxy8,1411
270,dlem45,1410
271,angrod17,1410
272,thenightwatch1,1409
273,trajaxx,1409
274,gege0650,1409
275,chessopus111,1408
276,baptisteazplume,1408
277,lololucky4238,1407
278,LeRemiii,1407
279,meleykali,1406
280,Licorne_Flakes,1406
281,emeuhhh,1405
282,Feelinqqq,1405
283,klefki1,1403
284,louis_lc2,1402
285,d1435,1402
286,rculpoiroi,1402
287,linkilou,1401
288,TnT04100,1400
289,Itizemi,1400
290,TerrliNainPosteur,1399
291,Marie_Dicule,1399
292,pierre0042,1398
293,Altaw,1398
294,Blikii,1397
295,geoozer,1397
296,narixrl,1397
297,freulanf,1397
298,alb_z,1397
299,tefalus,1397
300,cchielli,1396
301,dgdrhzse,1394
302,thehautifl,1394
303,marie8263,1394
304,Llu90,1394
305,eris_1207,1394
306,moltary,1393
307,Tryviss,1393
308,Slitter087,1393
309,benderrrrrrrrrrrrr,1393
310,novayaza_,1391
311,khloette,1391
312,m3lyes,1390
313,rd_lou,1390
314,elcurbo,1390
315,nutell01,1389
316,crazy_pasteque,1389
317,lauranne0564,1389
318,big_toto,1388
319,annepo9,1388
320,hawkinsstv,1388
321,TicotTM,1387
322,captainmoumoute,1387
323,Yakouze,1385
324,Lvxn_,1385
325,jyroure,1384
326,loekus_,1384
327,TsepmeTRednuhT,1383
328,leokkaido,1382
329,itiuv,1382
330,thanatosview,1382
331,lolokhali,1380
332,maeveaml25,1380
333,palox_213,1380
334,Vayke084,1380
335,artistepeintre26,1379
336,Clem31011,1379
337,CNeyo,1379
338,Spipers,1378
339,mrgdstuff,1378
340,Cepafoh,1378
341,Aquarius_56,1378
342,Jeagles,1378
343,ouloulouu8,1377
344,peyo222,1377
345,HardenBoar,1377
346,killer14323a,1377
347,JePossedeUnCousin,1377
348,ABcornichon3,1376
349,haki47000,1376
350,Fressouer,1376
351,LeMilouzeur,1376
352,Tchoupii66,1376
353,universalis_max,1376
354,pierrewimez,1376
355,cocoleb17,1375
356,Smash_MonStreamMaBataille,1375
357,joviagaliega,1375
358,el_profesor1989,1375
359,asdelatlas,1374
360,florianllo,1374
361,justerango,1374
362,theyoooop,1374
363,artepat,1373
364,galano_0,1373
365,Gazpard,1373
366,Lilllibl,1372
367,tan_tris,1372
368,ponchouch,1372
369,theludayack,1372
370,Ascogone,1372
371,ndkdkoslzvdi,1371
372,redbast_,1371
373,zazobonsangdebonjusdtang,1370
374,Gostphenix2,1370
375,gentilrital,1370
376,vduflot,1369
377,Robin_et,1369
378,TheFlatZeppelin,1369
379,axorem0202,1368
380,rambou78,1368
381,sethzx63,1368
382,mrraedwyn,1367
383,yoyoseb29,1367
384,Hedw1ge,1367
385,Maleus1638,1367
386,Raiden27,1365
387,guimoooove,1364
388,jordantoulalan,1364
389,nokiou,1363
390,Orneon_,1362
391,clairedt07,1362
392,xaviersteyer,1362
393,krokodebil31,1362
394,flo_1412,1362
395,LordAzeth,1361
396,Enerousse,1361
397,LaGrosseBertrass,1361
398,Poein,1361
399,xx_jojodu42_xx,1360
400,goid42,1360
401,brringer,1360
402,ND44ADS,1358
403,kek_eight,1358
404,jepeuxtemontrerlescrocs,1358
405,Generation_90,1358
406,un_nain_parfait,1357
407,quindecim64,1357
408,luluxette,1357
409,Valkeine,1357
410,princesse_cradouille,1357
411,lukecrecy42,1356
412,fripomi,1356
413,clemzy10,1356
414,DefyinGrav,1356
415,lacraw666,1355
416,melaninecolie,1355
417,tochkom,1354
418,bydjskull,1354
419,axougerko08,1354
420,andreas09500,1354
421,Fan_erudite,1354
422,slaxdc,1353
423,Alix_EnR,1353
424,nicogo2155,1353
425,Helyades,1353
426,romanbdp,1352
427,harveyslim,1352
428,alicook25,1352
429,agentpet,1352
430,romelcz,1351
431,cducharabia,1350
432,Lilloote,1349
433,thedoublecc,1349
434,armilz,1349
435,revfyawo,1348
436,Shamanee,1348
437,grandnounours8,1347
438,h_tes,1347
439,Is4ki,1347
440,nouvier64,1347
441,Clem_Brule,1347
442,LeVram__,1347
443,pipoiapi,1346
444,jeloooh,1345
445,niang46,1345
446,Roxaasora,1345
447,snailfucker,1345
448,Bigonoud,1344
449,aztronaute,1344
450,fl0r3_o7,1344
451,itsjooris,1343
452,didier_guepe,1343
453,leilamnccc,1343
454,alanbes76,1342
455,suilono,1342
456,minadia_,1341
457,Galdore_,1341
458,frvt109,1340
459,eneoxy,1340
460,exarium_,1340
461,metaphenix25,1339
462,helshan,1339
463,Eusphodus,1339
464,beurredoux_namnam,1339
465,tengr1iaf,1339
466,Cool_Yaoul,1339
467,alternatif_,1339
468,SquareVerySoft,1339
469,seizeh,1338
470,MarghostC,1338
471,vulcocitronade,1338
472,Gogogogo,1338
473,Luapago,1338
474,rapi2244,1338
475,thibthibs7,1338
476,azrogbrs,1337
477,keuweuleu,1337
478,pyroshiman,1336
479,Toadallie,1336
480,amulus91,1336
481,bapt0511,1336
482,qskrobaka1991,1335
483,glantichou,1335
484,MrGravlax,1335
485,aprif,1335
486,julfoulefoufou,1335
487,gaspacho2303,1335
488,BalSent,1333
489,beetle_21,1333
490,sonoigmo,1333
491,LubzLaDeveine,1333
492,Manu230874,1332
493,crackitos69,1332
494,enzodalby,1332
495,jyfiyfviyfv,1332
496,i_l_i_a_n,1332
497,freazeril,1331
498,renniwoj18,1331
499,fracaz,1331
500,rouge_et_rond,1330
501,jbbjjbbj,1330
502,RoseChateau,1330
503,r3izher,1329
504,Antear_Dis,1329
505,redst0,1329
506,Alexcendres,1329
507,Feainnwedd,1328
508,dalmuti1,1327
509,claro_quai_6,1327
510,benjcoulis,1327
511,s0lb33,1327
512,aramistouille,1326
513,welcome_paris,1326
514,TiboMarsiho,1326
515,faberneird,1326
516,raphair,1325
517,annashy27,1325
518,HaLowZen,1325
519,tteckoo,1325
520,sardaukar_roublard,1325
521,Spido39,1325
522,TheSoulStealer,1324
523,Pedr0madaire,1324
524,Lenzy__,1324
525,herdilly,1324
526,Kornog_XLR,1324
527,shadit0,1324
528,SHALALALALAMSM,1323
529,Nitrostarch,1322
530,GnR_Blitz,1322
531,arturizio,1321
532,Loub_V,1321
533,bdmaniac70,1321
534,groziflette,1320
535,tetraphenylporphyrine,1320
536,matteo_23456,1320
537,acotterl,1319
538,denissanchez1978,1319
539,PurpleTurtle34,1318
540,bulbefesse,1318
541,Sans_Le_Ji,1318
542,dimargotgot,1318
543,zmudh,1318
544,kielll_l,1318
545,mm2956,1318
546,xofyache,1318
547,jomsu23,1317
548,Windshark_,1317
549,Zodnas,1317
550,TheFabulousLink_,1316
551,xfwonka,1316
552,lemael12,1316
553,playergab1,1315
554,thepetitbreton,1315
555,N0ox_hs,1315
556,Tartine_De_Gazoule,1315
557,sol3_n,1314
558,lopotipatxi,1314
559,soaad12345,1314
560,Paultraunesofa,1314
561,tutur4oo,1314
562,Neorigg,1314
563,monsieurzozo_,1314
564,mourtonus,1313
565,vsatanas,1313
566,oreuga_,1313
567,hugokml1,1313
568,fee_lix,1313
569,fulgurys_noam,1313
570,okami_sp40,1312
571,StrixLuscinia,1312
572,nestlu_,1312
573,robinase1,1311
574,Zigaroula,1311
575,carlitalovesbees,1311
576,Renaud___,1311
577,Alostiss,1311
578,mc_chombaart,1310
579,mariuscdd,1310
580,guillaumev31,1310
581,hoodbabyluffy,1310
582,goldy23102007,1310
583,GladXVI,1309
584,asterioa_,1309
585,odysseus1234567,1309
586,motzus,1309
587,Atinele,1309
588,Yuushinakin,1308
589,iglishmek,1308
590,dooomiiinooo,1308
591,iAyO,1308
592,Oliv_Karnage,1308
594,arthur_britannia,1308
595,afy_fou,1307
596,Lurok_,1307
597,slalomixxx,1307
598,planckifoire16,1307
599,Albanane__,1307
600,Michy2tess,1307
601,ikisbok1s,1306
602,bea70fm,1306
603,En0zzz,1306
604,raph6o,1306
605,morgane_polerina,1306
606,flavienric,1306
607,ThePylote,1305
608,youennig,1305
609,fataraxe,1305
610,chocolapin33,1303
611,potterfan94,1303
612,friday_next,1303
613,formiwan,1303
614,valqpuc,1303
615,chaouy,1302
616,poii2carotte,1302
617,boimer,1302
618,takeso360,1302
619,polar_circles,1302
620,Toomaahawks,1302
621,mclpr,1302
622,vincentavellana,1302
623,mathieu_34920,1302
624,Jukain,1302
625,isdohi,1302
626,bastien_cdr,1301
627,dydybulle55,1301
628,MamiePadoeu,1301
629,guylouche29,1300
630,alkapss,1300
631,Sanzashinho,1300
632,mintarra21,1300
633,vulcainta,1299
634,nico_blackstar97,1299
635,agnruv,1299
636,yanisflxxx,1299
637,QuaszarMeister,1299
638,quetzalitoo,1299
639,beavounet12,1298
640,montgolfiere23,1298
641,solalcoolo,1298
642,Nevulas_,1298
643,DarkfanchKuro,1297
644,French_Ninja,1297
645,thanann12,1297
646,Tonyo_x_,1297
647,fixfax83,1297
648,ascyltus_,1296
649,flo_w5763,1296
650,FalconPoulet,1296
651,ant0ine_s,1295
652,exilayzon,1295
653,Praetrorian,1295
654,laurentribeiro,1295
655,Chaton_Trop_Mignon,1295
656,Wirdenss,1295
657,naillik953,1295
658,vanadiuuum,1295
659,katellpg,1295
660,W_Sherman,1295
661,meule_,1294
662,dam_chx,1294
663,ascooked,1294
664,warsoonn,1294
665,bisiaam,1294
666,bobby_fischer_2,1294
667,Patmol25,1294
668,tvkekage,1293
669,JeanCatherine,1293
670,captainfeeder2,1293
671,krolafoldingue,1293
672,Ttalanar,1292
673,Liquid0ceIot,1292
675,CsuzdiG,1292
676,pieroncello,1292
677,jutype1,1291
678,isa6137,1291
679,AsTriD37,1291
680,naoofr,1291
681,Enwey,1290
682,Lord_Drake_,1290
683,eltah00,1289
684,fanchinho6,1289
685,Nraitt,1289
686,nat150210,1289
687,win_le_maitre8,1289
688,JessLivraddict,1288
689,hugotheup,1288
690,yomann988,1288
691,tetedejondi,1287
692,Basvit,1287
693,Okaym42,1287
694,bafienfarq,1286
695,stone__island_,1286
696,KittensEmpress,1286
697,kiriroule,1286
698,devolution3120,1286
699,trucmuche3,1286
700,aadelee,1286
701,McCornickk,1286
702,adddd21,1286
703,simondaval_,1286
704,soussonoeil,1285
705,pierbal,1285
706,jelengele,1285
707,Amauryarti,1285
708,coum12,1284
709,thomas050801,1284
710,raiderdu24,1284
711,AlexisM208,1284
712,lul_fdz,1283
713,tuktuk286,1283
714,Athaisback,1283
715,jujudepoire,1283
716,lyria_prs,1283
717,RdNetwork,1283
718,thaddee_fm,1281
719,omsi668,1281
720,Piroulis,1281
721,DocUtom,1281
722,nxxmxnd,1281
723,arthurlefu,1281
724,cececerian,1280
725,Jean_Pepito,1280
726,aqualhya,1279
727,moowt,1278
728,derkprono,1278
729,atebaobab,1278
730,hoshea_jaj,1278
731,silvermarco97,1277
732,Pisteur_alpin,1277
733,lolo777x,1277
734,Crakstic,1277
735,BerbieTV,1276
736,linio6,1276
737,svjaz,1276
738,Cedric_______,1275
739,astrofeur,1275
740,sheepsy_,1275
741,alexdubinkss,1275
742,z_one107,1274
743,fefer79,1274
744,wonderabi,1273
745,izziquent,1273
746,don_azhon,1273
747,black5ad,1272
748,Kid_Treplev,1272
749,kafkakeske,1272
750,Aelystos,1272
751,Richbis,1272
752,poussichou,1271
753,claude_maillou,1271
754,ZoE_DuL,1271
755,chemisemauveacarreaux,1271
756,airone_44,1271
758,kb946,1270
759,patate1654,1270
760,Pierrox5,1270
761,mpointc,1270
762,n4tsuy4,1270
763,minora_mchx,1270
764,axwayve,1270
765,Asmowo,1269
766,tybald_cornelion,1269
767,lacremiere07,1269
768,BigBlueMTG,1268
769,PandaduJapon,1268
770,starofsky78,1268
771,celian7712,1268
772,Nico_Olyvian,1267
773,prunodesbois,1267
774,lebouftout,1267
775,marcatounu,1266
776,Gabivad,1266
777,helenorma,1266
778,ofuikx,1265
779,LuxyoFR,1265
780,noelflantier17,1265
781,kepler_232,1265
782,ngollo13,1265
783,didoudulabal,1265
784,tyroga_,1265
785,captain_nemo7,1264
786,louisprague,1264
787,Dorevos,1264
788,martincloson,1264
789,walkerbeni,1264
791,lgxcinci,1264
792,ShoTam3,1264
793,LeGouicheur,1264
794,Khrista_87,1263
795,Paroxysmique,1263
796,welana2002,1263
797,Kehran,1263
798,lucie_loves_cheese,1262
799,Etinamuh,1262
800,Dj33zza,1261
801,eblett,1261
802,luciefer___,1261
803,LaurentxLoL,1261
804,unkebabultra,1261
805,patinho_44lh,1261
806,kingofgambas,1261
807,bapricbigbob,1260
808,leaa30,1260
809,Mo0nKizz,1260
810,MystCloud,1260
811,kevluct,1260
812,wayneseb,1260
813,Spiri_DocS,1260
814,AEG_Keppsyf,1260
815,piejeh,1260
816,Adwon_,1260
817,Ernal7,1260
818,psycocci,1260
819,pitimikma3l,1260
820,marti_jojo,1260
821,RickTus,1259
822,liv9171,1259
823,PleinDeSoupe,1259
824,enzo99enzo,1259
825,TheJaecko,1259
826,Niflheim13,1259
827,arno_bab,1259
828,Toadio64,1259
829,veuchdeuf,1259
830,coinetifawl,1258
831,flouze55,1258
832,e2mi,1258
833,lopysc12,1258
834,oak_trainer,1258
835,zora__x,1258
836,manuerequin,1257
837,ptitbouh,1257
838,gladyathor7,1257
839,Enaira02,1257
840,anais_sg,1257
841,gretirse,1256
842,charlesgeorges1976,1256
843,Ascure,1256
844,MrNerwey,1256
845,lauranorak,1256
846,paulfrrd,1255
847,nyyko77,1254
848,ElendirGurdil,1253
849,celinette2605,1252
850,spire30,1252
851,Annonyme31,1252
852,Nawak80,1251
853,Fllorrin,1251
854,taykeron,1251
855,xMcMANx,1251
857,jakomanobis,1250
858,cobra_jb51,1250
859,Noyyinn,1250
860,alcarex09,1250
861,camilia_cr,1250
862,lucaspi6,1250
863,dopeofchlo,1250
864,pepiteidem,1249
865,Monsieur_Legume,1249
866,garnoule2,1249
867,Loos_Guccreen,1249
868,alinecompass,1249
869,hesiodar,1248
870,AirCeos_,1248
871,MyopicTortoise,1248
872,loulou_le_fifou,1248
873,DracoFlo_ssb,1248
874,saccard8,1248
875,labarbiturique,1248
876,choixio,1247
877,clallema,1247
878,hfhdhdggebehdgge,1247
879,Zhedexis,1247
880,Tacsel,1246
881,binouzeframboise,1246
882,Sam_Sar4h,1246
883,SaumonmanL,1246
884,Tseko_tm,1246
885,Arg_a,1246
886,minizza59380,1245
887,mfp_wanderer,1245
888,odisaure,1245
889,infini1006,1244
890,thebabet,1244
891,louis540,1244
892,bildungsromane,1244
893,mpt4eva,1243
894,La_Siole,1243
895,dfer1265,1243
896,mwtoshi,1243
897,MarCalifornium,1243
898,alicio_kh,1243
899,ikonnah,1242
900,art_lbn,1242
901,zigzag_ld,1242
902,nnirrrrr,1242
903,fanchito2677,1242
904,kethjin,1241
905,Drypaints,1241
906,spi8544,1241
907,angelolive_m,1241
908,ev4n1r56,1241
909,leb_theo,1241
910,xayah_play,1241
911,zenoovvv,1240
912,FlowFlowGAMING,1240
913,tim0thh,1240
914,oryon1x,1239
915,Samgam,1239
916,Canisback,1239
917,ratinho__7,1239
918,victor_cizeh,1239
919,Todomach,1239
920,yooshi213,1239
921,jiiraph,1238
922,FlashD19,1238
923,romainhg_9,1238
924,yuna_ymt,1238
925,Karthaz_ow,1238
926,reynier907,1238
927,thomas041036,1238
928,Bluepsie,1237
929,nicolens62_,1237
930,SaghLaaaaa,1237
931,Apocalypse88666,1237
932,BrorenTilTchoupi,1237
933,Raikuz,1236
934,lajayce,1236
935,Gafpix,1236
936,lipstick44160,1236
937,alaixtidia,1235
938,plydfonik,1235
939,portalis37,1235
940,lepriscie,1235
941,ahorushiro,1235
942,gab0utch,1234
943,MelanieHDF,1234
944,loubln22,1234
945,MrMich38,1234
946,Lito__9,1234
947,TheApac,1234
948,melvineuer22,1234
949,velf_at,1234
950,toneanother,1234
951,apooooo__,1234
952,niksputt,1233
953,celsanfri,1233
954,mother_oftears,1233
955,mrpoulpe0191,1233
956,etharkan,1233
957,cartelqueen,1233
958,gervais26,1233
959,etriname_twitch,1233
960,tom22bzh,1233
961,Loisyoyo_,1233
962,hiroshipanda2,1233
963,hydroshadowz,1233
964,Lilehoux,1233
965,roro911902,1232
966,romaincyg,1232
967,arkogy,1232
968,adriknox,1231
969,skCrytek,1231
970,marynell22,1231
971,RickyMuscle,1231
972,Kerroaz,1231
973,Kenzoche,1230
974,Bacon_Grille,1230
975,alexinhos,1230
976,Slafuss,1230
977,milobito,1230
978,Ghighim0n,1229
979,lukasmelchior95,1229
980,galakmoody,1229
981,Waluigion,1229
982,Cheelou1306,1229
983,Demurah,1229
984,Hinata_live,1228
985,eriakhor,1228
986,guepineuse,1228
987,zsuzska___,1228
988,arthurlongin,1227
989,jotunheim29,1226
990,Sanjicook51,1226
991,lnl8d,1226
992,HenriOOS,1226
993,annonymon198,1226
995,fruuhstuck,1225
996,hortensia06,1225
997,LeKagoule,1225
998,stanimal38,1225
999,nolbi_,1224
1001,gwen1083,1224
1002,heehooeee,1223
1003,Vavalcelest,1223
1004,livebreizh,1223
1005,cebinhodobrasil,1223
1006,typhanie06,1223
1007,gao_2108,1223
1008,theplayerdu18,1223
1009,the23ace,1222
1010,picon02,1222
